order_id,customer_segment,city,membership_level,satisfaction,items_count,revenue,delivery_time_days,temperature_c,returned
1,B,Vilnius,Gold,High,4,11.71163376,2.064191929,23.85047182,0
2,A,Kaunas,Bronze,Medium,2,15.9375933,0.44228422,13.34672815,0
3,C,Vilnius,Gold,Low,2,8.898781823,5.059284906,28.39055078,1
4,B,Vilnius,Silver,High,2,18.67108797,2.212486501,12.71512868,0
5,A,Kaunas,Bronze,Low,3,38.97943471,2.208551536,28.28562723,0
6,C,Vilnius,Gold,High,2,9.924150688,2.869894227,28.82627672,0
7,B,Šiauliai,Bronze,Medium,5,43.98155021,0.114324709,9.628137827,0
8,B,,Bronze,Low,5,6.757975435,5.388656252,21.65406642,0
9,A,Klaipėda,Bronze,Low,2,20.31332006,1.544913515,23.25752563,0
10,B,Kaunas,Silver,High,4,16.30205982,,37.9192736,0
11,A,Kaunas,Bronze,Medium,4,4.68860146,1.503232709,11.06159106,0
12,C,Kaunas,Bronze,High,2,13.07952151,1.247133256,28.46034622,0
13,B,Kaunas,Bronze,High,7,11.08832497,2.736629063,17.13876814,0
14,C,,Bronze,High,5,5.570285219,7.211744231,7.069086531,0
15,A,Vilnius,Bronze,Medium,3,14.67876582,4.314744108,16.04010264,0
16,A,Vilnius,Silver,High,4,12.39175878,2.948026803,17.01971809,0
17,B,Kaunas,Bronze,Very High,2,10.4012963,2.706839173,8.528878455,0
18,A,Klaipėda,Bronze,Low,3,10.43471288,2.129196088,19.49738895,0
19,C,Vilnius,Silver,Medium,3,10.25732201,5.033932291,24.66247404,0
20,B,Vilnius,Bronze,Low,5,8.214002361,3.4294633,18.90560523,0
21,B,Šiauliai,Silver,Medium,1,12.32792823,0.562376527,12.66524728,0
22,A,Klaipėda,,High,3,6.58548925,0.894837216,15.81222345,0
23,C,,Bronze,Medium,5,92.3372461,3.017877333,16.96365315,0
24,C,Kaunas,Bronze,Medium,4,,0.761800996,18.73857302,0
25,B,Kaunas,Bronze,Medium,7,6.904760755,2.203428515,25.8786461,0
26,A,Vilnius,Bronze,Low,4,7.355190955,3.622856743,19.17551803,0
27,B,Šiauliai,Gold,Medium,6,56.39580247,2.750194091,5.778426971,0
28,A,Vilnius,Bronze,High,6,3.833937259,,12.50143142,0
29,A,Klaipėda,Silver,Medium,2,15.49841621,0.9396167,18.32816841,0
30,B,Vilnius,Silver,Medium,6,13.44645163,2.810343069,25.99299588,0
31,B,Kaunas,Bronze,High,3,14.39501324,6.714388539,27.38277153,0
32,C,Klaipėda,Silver,Very Low,3,29.63851002,1.879021295,31.19748273,0
33,A,Kaunas,Bronze,Medium,4,29.1560806,3.706937155,18.04491518,0
34,A,Šiauliai,Bronze,Low,2,7.684724588,2.766984176,23.1064734,1
35,B,Vilnius,Bronze,Very High,2,12.87405389,1.207179931,5.364307725,0
36,A,Kaunas,Silver,High,4,2.481140601,3.735250303,20.43905259,1
37,A,Vilnius,Gold,High,6,11.93260306,0.428054387,8.397887188,0
38,B,Vilnius,Bronze,Very Low,7,5.840453557,3.555490512,16.49968643,0
39,A,Vilnius,Silver,Low,4,9.496222227,2.885073069,41.23870711,0
40,B,Vilnius,Silver,High,1,2.862520436,1.303207058,19.42843389,0
41,A,,,Medium,1,15.23960802,0.825121462,10.08949425,1
42,C,Kaunas,Silver,Very High,5,2.836994007,1.398457353,20.26231205,0
43,B,Kaunas,Silver,High,2,12.41155242,1.132245652,12.86339851,0
44,A,Kaunas,Gold,Medium,2,4.132140384,1.656570804,9.314047095,0
45,C,Vilnius,Platinum,High,4,5.586132414,1.516064928,33.82511627,0
46,C,Vilnius,Bronze,Very High,3,27.76526231,1.302643607,25.53449621,0
47,A,Vilnius,Bronze,Medium,2,17.64291624,0.409346387,19.764293,0
48,A,Klaipėda,Silver,High,2,27.64272298,0.721094524,13.86541368,0
49,B,Šiauliai,Bronze,Very High,3,38.38941252,4.132520402,14.51368414,1
50,A,Vilnius,Bronze,Low,2,5.940118213,6.01027798,29.33985493,0
51,A,Kaunas,Platinum,High,4,36.56813855,1.681213438,19.4526203,1
52,A,Vilnius,Bronze,Low,1,3.413012987,1.452283548,-7.662441144,1
53,B,Vilnius,Bronze,High,2,20.02297307,5.108756492,36.36750813,0
54,B,Vilnius,Gold,High,3,7.428543637,1.109745057,18.46449886,0
55,B,Vilnius,Bronze,High,6,5.237057977,1.04382884,19.74695205,0
56,B,Kaunas,Bronze,Medium,1,18.0216875,2.92928967,25.69355851,0
57,B,Šiauliai,Gold,High,3,23.47559146,2.327971532,20.72322262,1
58,B,Vilnius,Bronze,Low,3,22.9246949,2.98552022,22.97526894,1
59,A,Kaunas,,Low,1,13.09051486,2.857715832,13.61021226,1
60,A,Klaipėda,Bronze,Medium,5,12.25048883,3.799671031,7.161637408,0
61,B,Panevėžys,Gold,Medium,8,16.80192173,0.639460028,19.24186225,0
62,B,Kaunas,,Medium,3,14.05546461,2.739882219,28.45291722,0
63,B,Vilnius,Silver,Low,4,16.99781271,1.049585537,11.81757953,1
64,B,Kaunas,Bronze,High,2,12.97727264,0.287168397,11.17580804,0
65,B,Vilnius,Bronze,Medium,3,21.63315431,2.844286417,26.76815408,0
66,B,Panevėžys,Gold,Medium,3,2.998864613,2.731857026,13.34203836,0
67,B,Vilnius,Silver,Medium,2,9.924249632,2.004419802,13.71552069,0
68,A,Kaunas,Gold,Low,4,3.643420014,3.843939569,14.01484582,0
69,A,Vilnius,Bronze,High,4,13.75443908,1.056842905,16.48015215,0
70,A,Vilnius,Silver,Medium,2,40.99885505,3.167071704,4.410895233,0
71,A,Šiauliai,Gold,Very Low,6,7.543846324,1.797177318,12.6852791,0
72,A,,Bronze,Very High,8,12.20446202,1.901876757,18.84294415,0
73,C,Vilnius,Bronze,High,2,20.19003916,0.338228056,18.78590349,0
74,A,Šiauliai,Gold,High,5,2.108172913,3.869872012,26.26394442,0
75,A,Šiauliai,Bronze,High,2,7.259504779,2.659190376,31.71513778,0
76,A,,Silver,High,1,14.75545032,3.085436913,29.09986757,0
77,A,Kaunas,Gold,Medium,1,1.085894661,0.936722332,24.31721907,0
78,B,Kaunas,Bronze,High,3,5.04578482,2.4486921,15.81012327,0
79,B,Kaunas,Bronze,Medium,6,26.59402001,1.794334981,12.01544744,0
80,B,Vilnius,Bronze,Medium,2,24.591418,2.756348277,17.14302746,0
81,B,Vilnius,Bronze,Low,1,14.87161826,2.370175117,21.68463016,0
82,A,Šiauliai,Bronze,Low,6,22.32613827,5.75221176,23.57550239,0
83,C,Šiauliai,Silver,High,4,13.09307399,4.644024749,21.98468587,0
84,A,Klaipėda,Bronze,High,3,,1.643649262,16.03059623,0
85,A,Panevėžys,Silver,High,1,8.563226382,2.841982466,23.29489792,0
86,A,Klaipėda,Bronze,Medium,3,12.09328266,1.540787499,27.08698004,0
87,B,Klaipėda,Bronze,Low,3,6.646588336,3.77646487,24.04128307,0
88,B,Klaipėda,Bronze,Medium,2,30.28906255,1.851075544,16.74389556,0
89,A,Kaunas,Silver,Medium,4,37.2349385,1.381037598,10.32921046,0
90,B,Kaunas,Bronze,Very High,4,33.24585975,2.424903293,10.13946056,0
91,A,Vilnius,Bronze,High,3,7.952711905,4.413384369,11.55025901,0
92,B,Kaunas,Gold,Very High,5,,3.97000468,19.05660159,0
93,A,Vilnius,Silver,High,4,30.61772007,1.444219694,21.15843003,0
94,A,Vilnius,Bronze,Very High,3,17.03254221,5.432626601,5.683741456,0
95,A,Kaunas,Gold,Medium,2,14.33734216,0.985344067,12.96803913,0
96,B,Vilnius,,Very Low,2,6.639882928,1.252102215,18.94628372,0
97,A,Vilnius,Bronze,Low,1,15.49521165,3.672174621,9.802560719,1
98,A,Klaipėda,Bronze,Medium,2,4.626393173,0.289524055,20.47123322,0
99,A,Šiauliai,Bronze,Medium,3,18.30638461,2.068331816,14.54057367,0
100,C,Vilnius,Bronze,Low,1,33.21858006,1.638330846,11.21263783,0
101,C,Vilnius,Silver,Very High,1,40.64339894,5.635604215,17.42564346,0
102,B,Vilnius,Bronze,Low,5,19.43001904,0.838235812,20.13824264,0
103,A,Klaipėda,Gold,Very High,3,3.64874313,0.921744798,10.21176869,0
104,C,Klaipėda,Gold,High,1,12.90821725,6.131239157,15.05910096,0
105,B,Vilnius,Silver,High,3,61.05318657,1.652753474,20.74142702,1
106,B,Klaipėda,Silver,High,3,5.501994856,4.302535693,10.90327853,1
107,A,Vilnius,Silver,Medium,6,10.51344319,1.457162655,3.737945277,0
108,A,Vilnius,Platinum,High,1,34.15194303,1.211436307,4.707409234,1
109,A,Panevėžys,Bronze,Low,5,18.06013707,4.44141808,13.65559309,1
110,C,Vilnius,Bronze,Very High,1,80.16805025,7.080184074,6.45265379,0
111,B,Vilnius,Silver,Medium,4,6.133125524,4.662682654,14.21822484,0
112,A,Vilnius,Silver,Medium,1,4.993791153,1.385545925,30.31954281,0
113,A,Kaunas,Bronze,High,4,29.350229,2.003378109,5.971212898,0
114,B,Šiauliai,Silver,High,6,4.234634829,0.957665431,14.73916119,0
115,A,Panevėžys,,Medium,2,9.417650195,1.099227452,34.05843643,0
116,C,Vilnius,Gold,High,4,10.45920827,1.053659519,20.26504066,0
117,B,Vilnius,Bronze,Low,3,25.24912695,1.484404384,14.0582137,0
118,B,Klaipėda,Bronze,High,2,18.01877688,2.240142392,15.74493892,0
119,A,Vilnius,Bronze,Medium,3,15.88939541,2.062997342,20.43490007,0
120,B,Šiauliai,Bronze,Medium,2,7.988917731,3.329283971,30.56617545,1
121,B,Kaunas,Bronze,Low,5,29.13683599,2.323891786,12.75317114,1
122,B,Vilnius,Bronze,Medium,1,276.0713189,3.120603883,10.93911774,0
123,A,Klaipėda,Bronze,Medium,3,19.16384976,3.456062139,5.969530138,0
124,A,Vilnius,Bronze,Medium,1,11.93813342,1.404873215,17.82476826,0
125,A,Vilnius,Bronze,Low,6,3.902860021,1.82325181,5.754501041,0
126,B,Kaunas,Bronze,Low,5,6.619466917,11.754701,13.289739,1
127,A,Kaunas,Bronze,Medium,3,9.290866426,1.315509693,9.730532471,0
128,A,Kaunas,Bronze,Low,1,53.56600119,3.240609706,25.59298808,0
129,A,Kaunas,Bronze,High,1,10.88230126,0.681591224,12.9328289,0
130,B,Panevėžys,Bronze,Very High,5,45.71437782,3.522149077,20.17544262,0
131,A,Panevėžys,Bronze,Medium,2,29.89626433,1.149288674,4.167263986,0
132,C,Kaunas,Silver,High,1,9.707840198,2.116679653,18.05205564,0
133,B,Vilnius,Platinum,Low,5,4.192830506,0.578760262,7.374717553,0
134,A,Klaipėda,Gold,Very Low,4,32.1333398,1.966060634,13.594812,0
135,B,Panevėžys,Silver,High,3,10.5989674,1.995636982,34.68962059,0
136,A,Vilnius,Silver,High,4,2.769867983,1.772936671,24.45739502,0
137,C,Kaunas,Bronze,High,4,19.49082993,2.774618123,15.97269934,0
138,B,Vilnius,Silver,Very Low,1,25.04187309,4.198731197,42.59153528,0
139,B,Vilnius,Silver,High,10,1.582923219,0.918010721,9.678602477,0
140,A,Kaunas,Gold,Medium,3,5.69937367,1.80538171,26.32173106,0
141,B,Vilnius,,Medium,3,10.09092788,0.619346528,4.738604345,0
142,B,Klaipėda,Bronze,Low,6,19.83818725,0.372891806,15.04861794,0
143,C,Klaipėda,Silver,Very High,2,7.296558016,2.302843779,6.217681999,0
144,B,Klaipėda,Gold,Very Low,5,5.664884344,0.85776422,19.05820732,0
145,B,Vilnius,Bronze,High,1,19.72201254,2.048970642,17.44776203,0
146,A,Vilnius,Gold,High,3,7.578703186,2.368525988,14.53868161,0
147,A,Klaipėda,Bronze,High,4,17.00731797,0.445788099,25.7364562,0
148,B,,Platinum,High,3,4.53029689,2.624701747,12.46320822,0
149,A,Kaunas,Silver,High,2,3.736441114,4.067712962,19.61481398,0
150,A,Šiauliai,Bronze,Low,2,20.17038271,3.043741882,23.56443952,0
151,C,Vilnius,Silver,Very Low,3,13.49090734,0.937124216,5.134230329,0
152,C,Šiauliai,Bronze,Medium,1,23.05688876,1.955714225,11.01268527,0
153,A,Vilnius,Silver,Medium,1,7.198881014,2.117102159,17.43088774,0
154,B,Vilnius,Silver,Low,4,5.835242112,1.830910097,22.04122736,0
155,A,Kaunas,Silver,Low,3,32.73926461,0.650273848,28.36990213,0
156,B,Vilnius,Gold,Medium,3,3.259692901,1.067783502,15.27296161,0
157,A,Vilnius,,Low,2,29.99913558,1.712416396,14.46823166,0
158,B,Vilnius,Bronze,Very Low,3,31.70276072,2.345112522,10.01923176,0
159,B,Vilnius,Bronze,Very High,5,21.93473847,1.308797078,19.63987274,0
160,B,Klaipėda,Bronze,Medium,2,6.358255113,0.328358068,14.62305941,0
161,A,Vilnius,Bronze,Very High,2,5.736107995,1.373366819,14.8077419,0
162,C,Kaunas,Bronze,Very High,1,9.318068657,5.746747641,16.24889195,0
163,A,Klaipėda,Bronze,Low,3,3.911685122,2.637139034,21.4130245,0
164,A,Vilnius,Bronze,High,5,5.107166763,2.298048008,12.49015557,0
165,B,Vilnius,Gold,Medium,6,18.46334533,1.054278422,10.82273529,0
166,A,Šiauliai,Bronze,High,6,18.53163536,1.423570442,20.45379349,0
167,C,Klaipėda,Gold,Low,2,4.76044018,0.301689366,-7.205799215,0
168,C,Kaunas,Bronze,Low,1,18.93283182,0.995256246,12.17057461,0
169,A,Klaipėda,Bronze,Low,2,,2.546020752,7.789524005,0
170,C,Vilnius,Silver,Medium,5,36.88883769,2.31017743,26.62606578,0
171,A,Vilnius,Bronze,Very High,3,17.37980941,1.211954896,13.4725379,1
172,B,Klaipėda,Bronze,High,3,25.70960977,1.829707665,12.51427108,0
173,A,,Silver,High,1,16.14583421,2.064013987,16.61102012,0
174,C,Klaipėda,Bronze,Very High,4,24.14176402,1.264845122,12.23702057,0
175,A,Kaunas,Bronze,High,5,3.936556179,2.742748826,13.77881473,0
176,A,Klaipėda,Silver,Very Low,1,10.00019342,2.280438415,17.77688328,0
177,A,Kaunas,Bronze,High,2,10.6847104,1.464379532,13.62367652,0
178,C,Vilnius,Gold,Medium,2,9.070251953,0.691732027,13.56626038,0
179,C,Vilnius,Bronze,Very Low,1,15.72275937,1.383336898,8.91873861,0
180,B,Vilnius,Gold,Medium,3,18.31103207,1.311722479,7.769730076,0
181,C,Klaipėda,Silver,Very High,2,15.08658083,1.209811264,17.48509518,1
182,C,Vilnius,Gold,Medium,5,9.568198039,0.465280904,19.45280408,0
183,B,Vilnius,Gold,Medium,6,6.119105564,4.787954707,5.57474685,0
184,A,Vilnius,Bronze,Low,4,26.51601418,4.637591703,23.07953132,0
185,B,Vilnius,Silver,Very Low,1,14.58197611,1.781527751,23.11238112,0
186,B,Klaipėda,Bronze,Low,1,4.879822827,12.6497809,24.79751311,0
187,A,Vilnius,Gold,High,1,9.440887274,2.71016754,19.39911268,0
188,A,Panevėžys,Silver,High,1,2.732891641,1.802489967,22.0966568,1
189,B,Vilnius,Bronze,Low,7,11.3395486,2.454491541,34.48020676,0
190,A,Kaunas,Gold,Medium,3,9.405513369,2.976285889,14.58782719,0
191,C,Vilnius,Bronze,Low,1,6.961719091,2.22106603,8.634467993,0
192,A,Vilnius,Silver,Very Low,3,39.16095294,3.333801643,4.727520934,0
193,A,Šiauliai,Silver,Medium,4,4.371371063,1.177209308,31.04539144,0
194,C,Panevėžys,Bronze,High,1,19.39692137,1.954265421,31.15029807,0
195,A,Šiauliai,Silver,High,5,63.39382941,9.283568215,9.603202065,0
196,A,,Gold,Medium,6,26.09684232,3.857002538,11.1814335,1
197,B,Vilnius,Bronze,Medium,3,10.74852971,2.25688371,14.4080717,0
198,C,Kaunas,Silver,Low,4,4.449292472,0.920014282,26.79405498,0
199,A,Vilnius,Bronze,Low,2,3.707472059,2.027124489,6.701582412,0
200,A,Klaipėda,Silver,Very High,6,7.930837519,3.689142977,1.267043801,0
201,B,Kaunas,Bronze,High,2,6.362360224,3.201410736,34.34011581,0
202,C,Kaunas,Gold,Very High,1,6.198841829,0.359013081,19.4989863,0
203,B,Klaipėda,Gold,Very High,4,8.490511413,0.483055916,20.63530645,0
204,A,Klaipėda,Bronze,High,2,10.15739819,0.50556394,15.35915196,0
205,A,Vilnius,Bronze,Very High,2,16.2512456,2.739796849,20.72627939,0
206,A,Vilnius,,Medium,3,4.094984878,0.512333513,4.886352933,0
207,A,Kaunas,Silver,Very Low,3,6.386618634,0.885892005,10.27263547,0
208,B,Kaunas,Bronze,Very Low,3,9.701323638,1.754713705,17.84126308,0
209,A,Vilnius,Bronze,Low,3,9.42731989,4.096074371,-1.167127143,0
210,B,Vilnius,Bronze,Low,3,47.90112382,2.829525922,14.57985909,0
211,B,Klaipėda,Platinum,Medium,4,13.27386778,1.601547232,14.08668504,0
212,B,Klaipėda,Bronze,High,3,3.031714043,3.397139959,14.57847814,0
213,A,Kaunas,Gold,High,3,15.40273497,6.824765455,12.59134554,0
214,C,Vilnius,Bronze,Medium,4,17.05649344,2.040212036,9.032864593,0
215,B,Vilnius,Gold,Low,3,9.973160925,0.655026235,2.423745198,1
216,B,Kaunas,Bronze,High,3,4.175702721,0.912857203,18.15797638,0
217,A,Vilnius,Bronze,Medium,5,44.99015807,0.90548691,14.59900811,0
218,A,Kaunas,Gold,Very Low,4,4.683720952,1.087073994,5.997747627,0
219,C,Kaunas,Gold,Medium,2,18.70176239,1.517558664,17.5002673,0
220,A,Vilnius,Bronze,Medium,5,12.93634023,2.393493242,14.64039844,0
221,A,Vilnius,Bronze,Medium,4,17.8258284,0.564867671,13.31180839,0
222,B,Vilnius,Bronze,High,3,43.18470317,0.668981278,-0.255159094,0
223,B,Šiauliai,Bronze,High,3,17.27587635,2.958378487,22.4621401,0
224,C,Kaunas,Bronze,High,5,7.050289067,5.749363628,7.135591679,0
225,A,Vilnius,Gold,Low,3,26.70347803,0.988996835,17.50616204,0
226,C,Šiauliai,Bronze,High,2,6.653349686,1.650805188,10.53385245,0
227,A,Kaunas,Silver,High,7,168.7683055,4.564019176,13.89018786,0
228,B,Kaunas,Bronze,Low,3,3.917811134,3.236593582,26.21833993,1
229,B,Šiauliai,Bronze,High,3,4.822898125,3.089144789,21.25294561,0
230,A,Vilnius,Silver,Medium,2,11.48577527,5.607184135,26.04031957,0
231,A,Vilnius,Bronze,Medium,2,14.79766454,2.473408329,19.64308396,0
232,A,Kaunas,Silver,Low,1,2.823811313,5.936375834,20.16914867,0
233,C,Vilnius,Bronze,Medium,2,16.40899884,6.240388584,2.750887998,0
234,B,Kaunas,Gold,Low,2,5.722792117,0.582138362,14.45980005,0
235,C,Vilnius,Silver,Low,4,30.6842782,0.437436913,15.20072855,0
236,C,Vilnius,Gold,Low,4,8.318055029,0.854805492,26.78931856,0
237,B,Vilnius,Bronze,Very High,2,4.486631441,4.273139549,12.95016538,0
238,B,Vilnius,Bronze,Medium,2,11.71234772,1.676185215,19.11887607,0
239,A,Vilnius,Bronze,Medium,2,5.296318726,1.523231367,18.80605874,0
240,A,Vilnius,Silver,Medium,4,30.42169828,3.458416173,26.26140128,0
241,C,Šiauliai,Bronze,High,2,11.02785303,1.264403975,15.93004734,0
242,B,Vilnius,Bronze,Medium,4,9.763575754,2.255051898,23.62229559,0
243,A,Vilnius,Bronze,Very High,1,17.69780844,2.957412489,3.361078927,0
244,B,Vilnius,Bronze,Medium,4,4.933467307,0.923522294,4.087844536,0
245,B,Vilnius,Bronze,Low,3,3.930147967,0.75017054,-1.266754757,0
246,C,Vilnius,Bronze,Medium,4,15.28208555,2.031945889,23.2878798,0
247,B,Kaunas,Bronze,Medium,7,4.573429832,2.222333553,22.3893355,1
248,A,Vilnius,Silver,High,1,4.572188055,3.281592544,24.17462059,0
249,A,Šiauliai,Bronze,High,1,21.52908529,0.836173687,11.58110531,0
250,A,Šiauliai,Bronze,Medium,1,16.77771115,1.114728968,12.49161874,0
251,B,Vilnius,Silver,Very High,4,4.04279533,6.20089948,16.03161886,0
252,C,Vilnius,Silver,Medium,3,6.717332764,3.799872151,28.54959442,0
253,B,Vilnius,Bronze,Medium,2,5.349562358,1.794976766,30.55062502,0
254,A,Kaunas,Silver,Medium,3,45.65236616,4.205694674,23.35046792,0
255,A,Vilnius,Gold,Very Low,4,22.7555334,0.838949971,19.6481578,0
256,B,Šiauliai,Silver,High,5,7.872094177,1.643954674,27.68306158,1
257,C,Klaipėda,Gold,Low,1,17.47822379,11.54283245,14.95326034,0
258,A,Klaipėda,Silver,Medium,2,3.724941143,1.505482749,13.87246776,0
259,A,Kaunas,Bronze,Medium,3,6.435844572,1.546473632,15.96782304,0
260,B,Panevėžys,Bronze,Very Low,3,11.98781375,3.171412086,9.170285045,0
261,A,Vilnius,Silver,Low,4,15.82806451,3.835135707,15.59992509,1
262,C,Vilnius,Platinum,High,3,10.19637943,1.384938636,8.06073565,0
263,A,Vilnius,Bronze,Low,1,13.44235857,0.612997894,25.20006255,0
264,A,Šiauliai,Bronze,Medium,5,11.73609538,0.498290918,21.34949913,1
265,C,Kaunas,Silver,Medium,3,9.671061524,0.268374485,28.43649918,0
266,A,Klaipėda,Bronze,Low,7,8.697916605,5.546792563,3.965737577,0
267,A,Vilnius,Silver,Low,1,7.838034504,3.180392009,32.21357558,0
268,A,Panevėžys,Silver,High,3,13.270586,2.722412739,4.42019669,0
269,A,Kaunas,Silver,Very High,3,15.31223943,1.24720786,7.413535399,0
270,A,Kaunas,Gold,Low,5,12.91884805,1.241475716,12.03342763,1
271,A,Panevėžys,Silver,Very High,2,4.293586338,3.918509725,27.46176554,0
272,A,Vilnius,Silver,Medium,4,4.957282557,0.439538909,18.80458798,0
273,A,Vilnius,Silver,High,1,15.16674868,1.431952003,15.049366,0
274,B,Kaunas,Gold,High,4,35.77819539,4.294877362,10.65898052,0
275,B,Vilnius,Gold,High,4,12.45263652,1.429980464,5.992518795,0
276,A,Vilnius,Bronze,High,1,7.930097019,3.070985555,26.06101859,0
277,A,Vilnius,Silver,Medium,4,13.19017672,1.848685944,23.38911409,0
278,B,Vilnius,Bronze,Medium,6,4.439504903,0.096105557,27.81960302,0
279,C,Šiauliai,Gold,Medium,2,31.41088614,1.791278432,20.17454502,0
280,C,Kaunas,Silver,Low,1,,2.061595849,-4.136819668,0
281,A,Vilnius,Bronze,High,1,6.452284341,1.689352943,7.043336539,0
282,A,Vilnius,Bronze,Very Low,3,9.646195869,0.718166356,20.71897045,0
283,A,Vilnius,Bronze,Medium,4,7.230954265,1.703589283,14.0422638,0
284,A,Kaunas,Silver,Low,3,31.47948241,0.288927396,12.52926426,0
285,B,Šiauliai,Bronze,Low,4,9.37651284,1.418393855,8.174185881,0
286,A,Šiauliai,Bronze,High,1,12.48206229,3.239455967,24.58071654,0
287,A,Vilnius,Gold,High,1,17.44374559,5.350283773,20.6495411,0
288,A,Vilnius,Silver,Medium,4,6.09449995,4.784330174,21.00952978,0
289,B,Kaunas,Bronze,Low,1,12.87088229,0.819617408,11.93118201,1
290,A,Kaunas,Bronze,Medium,1,13.72952269,0.520505501,18.41030207,0
291,C,Kaunas,Gold,Medium,5,3.179541307,2.209390134,6.29788059,0
292,A,Kaunas,Silver,High,6,13.49281324,1.965285208,15.96137615,0
293,C,,Silver,Medium,2,10.6269194,2.917734389,-3.223436629,0
294,A,Vilnius,Bronze,Medium,2,12.2309917,1.164349933,4.455070887,1
295,C,Vilnius,Bronze,Medium,2,11.3418993,2.00963086,14.42150525,1
296,C,Vilnius,,Very High,1,13.56286981,1.931414185,36.00094517,0
297,C,Vilnius,Silver,High,4,32.13271212,1.456898318,2.594055413,0
298,C,Vilnius,Bronze,Medium,1,4.290460502,0.407771985,7.05135526,0
299,B,Klaipėda,,Medium,1,8.383605995,3.207221642,18.73419837,0
300,B,Vilnius,Silver,Very Low,2,18.78943799,,31.15538325,1
301,B,Vilnius,Gold,Very High,2,16.19561771,3.360004164,18.61737998,0
302,A,Kaunas,Silver,Medium,1,15.91917636,3.916310606,22.61713482,0
303,B,Klaipėda,Bronze,Medium,2,99.76942489,1.808716569,14.29916999,0
304,B,Vilnius,Bronze,Very High,5,18.0168678,3.221070579,12.91502729,0
305,C,Klaipėda,Bronze,High,2,27.24173676,5.432044947,17.65747482,0
306,B,Šiauliai,Bronze,Very Low,1,8.622217938,6.584508881,11.73368487,0
307,A,Kaunas,Silver,Very Low,2,4.981196389,2.416763376,22.79415471,0
308,B,Kaunas,Bronze,Very Low,3,8.572385569,2.55204469,4.149824808,0
309,A,Vilnius,Silver,Medium,2,19.48350358,2.387894329,24.11989626,0
310,A,,Gold,Low,5,15.26346835,2.847020771,17.3145041,0
311,B,Vilnius,Platinum,Very High,3,15.21985913,,15.28223305,0
312,A,Šiauliai,Bronze,Very High,3,9.286154158,2.352312319,3.856123519,1
313,A,Kaunas,Bronze,Medium,8,8.173996075,6.341075229,9.161690624,0
314,A,Vilnius,Bronze,High,5,9.545923498,5.769053257,26.58921179,0
315,A,Vilnius,Bronze,Medium,3,19.67955659,2.057638464,15.33120802,0
316,A,Kaunas,Bronze,Very Low,3,21.5975945,2.04853643,19.22718773,0
317,A,Kaunas,Bronze,High,5,4.928361995,1.372247117,9.963743893,1
318,B,Vilnius,Silver,Low,3,20.28484484,2.954189526,16.76756291,0
319,A,,Bronze,Low,2,6.549724681,1.558065334,6.022783615,0
320,C,Šiauliai,Gold,Medium,2,16.04082959,1.322031114,17.79905803,0
321,C,Kaunas,Bronze,Very Low,3,9.453900484,2.909747162,19.96512718,0
322,B,Kaunas,Bronze,Medium,2,38.57601998,3.538721628,19.56491782,0
323,A,Vilnius,Bronze,High,3,7.88955945,3.847851204,9.771321356,0
324,B,Klaipėda,Bronze,High,1,12.71636152,2.990942497,14.26359213,0
325,C,Vilnius,Bronze,Medium,3,17.90848327,5.574827462,21.29755317,1
326,B,Šiauliai,Platinum,High,2,5.478508651,2.447877295,15.30849924,0
327,C,Vilnius,Bronze,Medium,1,10.39904896,3.313429664,14.70155694,0
328,B,Kaunas,Bronze,High,6,8.906061322,3.610712763,32.22774087,0
329,B,Vilnius,Silver,Medium,3,7.307850734,4.536987484,9.392087049,0
330,A,,Bronze,Low,4,7.754098938,2.257761566,25.64334774,0
331,B,Klaipėda,Silver,Very High,3,26.83244202,1.363911515,7.762554692,0
332,A,Kaunas,Bronze,Medium,6,6.828871358,2.48842139,22.23824869,0
333,B,Kaunas,Gold,Very Low,6,17.34191331,3.844870715,22.66522046,0
334,C,Panevėžys,Bronze,Low,2,14.17778073,4.188453269,12.91707876,0
335,A,Panevėžys,Bronze,Medium,7,3.605339379,0.411861539,7.260185177,0
336,B,Šiauliai,Silver,Medium,1,16.69877813,10.21737476,1.23653437,0
337,A,Vilnius,Gold,Medium,5,3.557967419,1.327698476,12.07909193,0
338,B,Kaunas,Bronze,High,4,18.21915408,3.352406092,21.20974918,1
339,A,Šiauliai,Silver,Medium,2,7.346666592,4.876158681,8.378974743,0
340,C,Vilnius,Bronze,Medium,4,11.09721086,1.920043222,17.77558865,0
341,A,Vilnius,Bronze,Medium,4,3.914063295,4.298478276,5.188561617,0
342,C,Klaipėda,Bronze,High,2,12.15700879,0.408014626,15.12889446,0
343,C,Kaunas,Silver,Low,3,23.13994476,4.403437879,7.823648766,0
344,B,Kaunas,Bronze,Low,3,5.780138577,4.052032376,16.37615598,0
345,B,Panevėžys,Silver,Medium,3,6.781961257,2.711681617,12.99136424,0
346,B,Kaunas,Bronze,High,3,15.8583602,3.853087774,7.47707091,0
347,C,Vilnius,Gold,High,1,16.17868538,5.871279387,11.72901218,0
348,A,Vilnius,Gold,Medium,3,1.572484042,4.977165815,9.526745102,0
349,B,Vilnius,Bronze,High,2,55.27524124,2.004933388,6.488602398,0
350,A,Vilnius,Bronze,Medium,8,16.82461154,2.471544068,25.6619666,0
351,B,Klaipėda,Bronze,Very Low,2,19.25045949,1.757857411,14.11860108,1
352,A,Klaipėda,Gold,Low,3,9.827333566,1.589804464,-0.617803593,0
353,B,Vilnius,Bronze,Very Low,5,2.498566564,3.596404562,12.01375354,1
354,B,Vilnius,Silver,Medium,4,18.91164082,1.743296249,24.31769371,0
355,B,Šiauliai,Bronze,Medium,4,7.013589172,3.590835401,10.90913093,0
356,B,Vilnius,Silver,Medium,2,17.03287594,1.918366257,28.98195103,0
357,B,Kaunas,Bronze,Medium,2,9.253104749,2.132503899,10.14670356,0
358,B,Kaunas,Silver,Medium,2,13.33552468,1.049335307,21.02726445,0
359,B,Kaunas,Platinum,High,4,5.929873585,3.527791015,25.29310868,0
360,B,Vilnius,Bronze,High,1,22.01031383,0.382187578,20.60155178,0
361,C,Kaunas,Gold,Medium,3,4.260117612,4.513520292,6.004048203,0
362,A,Vilnius,Bronze,Medium,4,66.45038243,7.945036333,9.460251385,1
363,A,Kaunas,Bronze,Medium,1,66.04649132,2.186896374,26.36056792,0
364,A,Vilnius,Gold,Medium,5,40.69721524,2.116505951,10.56310835,1
365,B,Kaunas,Silver,Medium,4,30.58113112,0.529737587,24.80541211,0
366,A,Kaunas,Silver,Medium,4,10.30223965,1.395238831,13.55772223,0
367,B,Vilnius,Bronze,High,1,28.02893486,3.881129175,18.13149855,0
368,B,Vilnius,Bronze,High,2,10.20684732,4.254108593,5.911141784,0
369,A,Vilnius,Bronze,Low,3,3.180969314,2.391883669,12.1338594,0
370,C,Vilnius,Silver,Medium,3,36.69208746,3.728481757,9.997548956,0
371,B,Vilnius,Bronze,High,2,27.19571898,1.067310319,18.8047972,0
372,A,Šiauliai,Bronze,Very Low,1,10.75024682,2.797366637,17.74558064,0
373,A,Vilnius,Bronze,High,2,4.136510649,5.286998596,20.70119917,1
374,A,Klaipėda,Bronze,Low,2,6.896675326,3.18268487,13.07581998,0
375,A,Panevėžys,Bronze,Medium,3,2.567887386,5.812506757,9.55815943,0
376,A,Vilnius,Bronze,Medium,5,23.47802042,5.92807151,18.46183268,0
377,C,Kaunas,Gold,Very Low,5,3.056751732,2.924181524,8.763288776,0
378,A,Šiauliai,Silver,Very High,2,13.86634521,0.031260636,25.62738021,0
379,A,Kaunas,Bronze,Medium,5,5.612775405,4.195102295,16.08382091,0
380,B,Vilnius,Silver,Very High,5,3.52062047,0.711616993,14.39091912,0
381,B,Vilnius,Gold,Medium,3,13.33889328,0.113732495,20.69740498,0
382,C,Vilnius,Bronze,High,3,8.439815868,0.324251889,16.389084,0
383,B,Kaunas,Bronze,Very High,2,21.55378166,4.393075447,3.735586265,0
384,B,Panevėžys,Bronze,Medium,2,3.998485982,2.940609262,8.508560805,0
385,A,Panevėžys,Bronze,Low,2,6.014350019,2.438773446,25.46166963,1
386,C,Vilnius,Silver,High,2,1.632130527,3.138143912,17.67107478,0
387,B,Klaipėda,Platinum,Medium,3,1.920379176,0.348267518,3.547457581,0
388,C,Vilnius,Bronze,Very High,6,46.45824387,1.751939685,19.81689653,0
389,A,Šiauliai,Silver,Medium,5,58.37446758,1.22370905,12.52592944,0
390,C,Vilnius,Bronze,Medium,4,11.87197955,2.304285658,10.00400038,0
391,B,Šiauliai,Silver,Low,5,5.702684263,2.364245954,7.841018195,0
392,A,Klaipėda,Silver,High,1,8.681904001,3.046379511,24.99943577,0
393,B,Vilnius,Bronze,Very High,4,22.17264589,3.369934693,1.276013024,0
394,B,Vilnius,Bronze,Very Low,3,7.304486761,0.368486069,10.2997434,0
395,A,Klaipėda,Silver,High,4,13.33119921,1.770349161,17.96101413,0
396,B,Vilnius,Platinum,Very High,3,10.91125865,2.083563611,29.62690455,0
397,C,Kaunas,Bronze,Low,4,55.49924658,2.98401658,21.43086557,0
398,A,Šiauliai,Bronze,Low,3,7.235835279,0.625385384,10.23180308,0
399,B,Kaunas,Bronze,High,2,13.93852651,0.32647136,29.23482763,0
400,A,Vilnius,Silver,High,1,5.045463339,,6.159012802,0
401,A,Vilnius,Silver,Very Low,2,15.82171679,3.713342142,19.12268932,0
402,C,Vilnius,Silver,High,1,,0.440201946,20.90227717,0
403,B,Panevėžys,Silver,Medium,5,12.20558756,0.522532054,9.951075334,0
404,A,Vilnius,Gold,High,2,33.35374477,2.235292624,22.58074442,0
405,C,Vilnius,Gold,High,3,9.635424546,2.789246789,12.88887897,0
406,C,Vilnius,Bronze,High,3,23.0080343,2.035484649,22.56113942,0
407,A,Panevėžys,Silver,Medium,4,2.628395845,0.825995837,2.283236059,0
408,C,Vilnius,Bronze,Medium,1,7.566340953,0.638889576,19.67980872,0
409,A,Šiauliai,Bronze,Medium,2,11.27007403,2.189900857,13.70314662,0
410,C,Klaipėda,Gold,Low,7,51.34997982,1.871004044,26.19763026,0
411,B,Klaipėda,Silver,High,4,2.297998056,1.523934996,16.64815416,0
412,B,Panevėžys,Gold,Low,4,10.2065749,3.602810386,26.99383627,0
413,A,Klaipėda,Bronze,Medium,2,35.35186258,1.779014112,21.06090212,0
414,C,Šiauliai,Silver,Very Low,1,5.882510789,0.58545064,15.97993233,0
415,A,Vilnius,Bronze,Medium,3,9.297345708,1.531152305,23.30135448,0
416,A,Klaipėda,Bronze,Low,4,14.37357122,3.013129454,23.35246772,1
417,A,Kaunas,Bronze,High,3,,1.697180315,20.77528004,0
418,B,Kaunas,Silver,High,1,38.57546221,2.975996262,-1.338410997,0
419,A,Šiauliai,Bronze,Very Low,5,15.78056387,3.393281046,9.139516074,0
420,C,Panevėžys,Gold,High,5,31.88763498,1.783668334,28.07284677,0
421,B,Klaipėda,Bronze,High,3,8.264699018,2.028339323,6.952433157,0
422,A,Kaunas,Bronze,Medium,2,6.095676022,1.614708777,24.0596892,0
423,A,Kaunas,Silver,High,4,9.202005465,3.022036311,22.65162125,1
424,A,,Bronze,Medium,3,4.361070372,1.575630565,11.19398111,0
425,B,Vilnius,Gold,Low,6,16.22915566,2.818421947,1.038146983,0
426,C,Vilnius,Silver,Medium,7,8.095412229,2.392602632,12.44869922,0
427,A,Vilnius,Bronze,Low,4,6.440259794,0.321790951,33.62412035,0
428,C,Vilnius,Silver,High,3,16.42700666,2.927751762,10.09378166,1
429,A,Klaipėda,Silver,Very High,3,4.415086286,2.234819629,10.64594124,0
430,C,Vilnius,Silver,High,1,20.41769182,4.632759091,9.019340718,1
431,C,Šiauliai,Gold,Medium,6,7.518225123,0.723850175,26.71827581,0
432,B,Kaunas,Silver,Medium,5,27.86237341,2.42080932,15.05667431,0
433,B,Vilnius,Silver,Very High,1,8.051109737,1.403822286,11.99275017,1
434,C,Vilnius,Bronze,Low,3,18.27488537,0.365663034,28.30779214,0
435,A,Vilnius,Silver,Low,9,12.72603505,0.251081673,21.6359527,0
436,A,Panevėžys,Gold,Medium,3,19.98778824,5.255984651,9.645678066,0
437,A,Vilnius,Silver,Medium,6,,2.426459712,7.211328712,0
438,B,Kaunas,Silver,Medium,7,2.913287213,1.73792136,26.26535972,0
439,B,Šiauliai,Bronze,Very Low,2,24.70572088,0.486228316,17.13430531,0
440,B,Panevėžys,Silver,Medium,5,10.27643759,5.052846444,4.607487841,0
441,C,Vilnius,Platinum,Medium,5,20.7306413,1.120817299,2.735074505,0
442,A,Vilnius,Bronze,Low,2,19.14797913,2.508936277,8.071690278,0
443,B,Vilnius,Bronze,Very Low,4,5.937943226,2.171187587,7.084123295,1
444,A,Vilnius,Silver,Medium,3,5.302421886,6.636870043,0.631384233,0
445,A,Vilnius,Bronze,High,4,18.62089023,1.99189141,8.203944107,0
446,B,Kaunas,Silver,Medium,3,8.648628699,1.33364145,9.647355507,0
447,C,Šiauliai,Bronze,High,3,23.31608402,2.452858696,13.29854969,1
448,B,Kaunas,Bronze,High,3,9.558580624,2.645146323,30.54328036,0
449,A,Kaunas,Silver,Medium,1,24.9963002,9.652636801,14.86525382,0
450,B,Vilnius,Silver,High,4,15.46599259,1.966854297,15.6594013,0
451,A,Klaipėda,Silver,High,1,13.87904287,0.700997152,21.07404291,0
452,C,Kaunas,Silver,Medium,6,8.172632243,1.524306024,15.10145543,0
453,B,Šiauliai,Silver,Very Low,2,13.27579021,2.448925248,20.20122371,0
454,A,Šiauliai,Silver,Very Low,1,28.62504895,2.774931791,19.24491902,0
455,A,Vilnius,Silver,Very High,3,10.55529504,0.440027833,17.98070852,0
456,A,Vilnius,Silver,High,3,16.85992586,1.382983115,39.13172868,0
457,C,Vilnius,Silver,Very High,3,11.43968054,6.387276164,24.28900675,0
458,B,Vilnius,Bronze,High,2,12.17863557,0.939740743,8.346224122,0
459,B,Šiauliai,Bronze,Very Low,3,43.76036966,3.660114393,19.96177749,0
460,B,Vilnius,Silver,High,1,28.82906342,1.565438849,10.66610555,0
461,B,Klaipėda,Gold,Medium,3,11.74612093,2.054047266,20.57000611,0
462,A,Kaunas,Silver,High,2,13.08626583,0.500837954,5.998500663,0
463,C,Vilnius,Bronze,Very Low,4,6.287123149,1.686302819,8.137764415,0
464,A,Vilnius,Silver,Medium,2,9.598652874,2.427338765,19.7512605,0
465,B,Kaunas,Bronze,High,3,14.11895513,1.985394426,24.98135291,0
466,B,,Silver,High,5,21.7690856,1.768690578,21.02115479,0
467,B,Vilnius,Gold,High,1,20.07302186,3.032594658,23.83293868,0
468,C,Vilnius,Silver,Medium,3,4.538482728,0.636881146,19.99054847,0
469,A,Klaipėda,Silver,Medium,3,24.08492641,2.50926286,18.37996879,0
470,B,Vilnius,Bronze,Very High,3,10.26747423,0.226626421,12.97045381,0
471,A,Šiauliai,Bronze,Medium,2,5.004847363,4.359489999,23.50401447,0
472,B,Vilnius,Gold,Medium,5,32.10808251,1.81454605,25.19903386,0
473,A,Vilnius,Silver,Medium,1,35.5387339,3.495901533,16.49507447,0
474,A,Kaunas,Silver,Medium,1,13.61262384,0.06955828,16.06459167,0
475,A,Kaunas,Bronze,Medium,4,19.43420935,3.165958494,29.73124649,0
476,A,Kaunas,Bronze,Medium,1,20.36788442,1.087721159,16.83662576,0
477,A,Vilnius,Bronze,High,3,33.67035317,2.064200968,17.60548696,0
478,B,Panevėžys,Bronze,High,2,19.73620607,3.200712299,20.87380726,0
479,B,Kaunas,Bronze,Very High,2,3.810839012,1.924914438,16.21754995,0
480,A,Kaunas,Gold,Medium,3,291.207488,2.943367177,10.43727742,0
481,A,Vilnius,Silver,Medium,3,25.85555604,1.583589332,20.0237246,0
482,A,Vilnius,Bronze,High,5,7.33297013,4.588168743,16.68995992,0
483,B,,Bronze,High,3,4.837025386,1.810738382,31.73799805,0
484,A,Vilnius,Bronze,Medium,4,16.50809298,1.838553242,23.3075884,0
485,A,Kaunas,Gold,High,3,8.82326488,1.864476786,12.23614171,0
486,A,Vilnius,Bronze,High,9,14.35353543,2.022321145,22.83248175,0
487,B,,Silver,High,2,19.97987412,0.667340632,19.46292668,0
488,A,Kaunas,Gold,High,1,7.006557453,0.913615189,27.47541042,0
489,B,Šiauliai,Bronze,Low,6,4.513683704,3.847862377,12.8043663,0
490,B,Kaunas,Silver,Medium,2,15.00907134,3.494528029,18.50940919,0
491,B,Vilnius,Gold,Medium,6,7.19430482,3.344944106,16.20725081,0
492,B,Klaipėda,Bronze,Very Low,4,12.3898381,2.760619548,17.46783538,0
493,B,Kaunas,Bronze,High,3,3.763460389,1.357032848,9.918408408,1
494,A,Klaipėda,Gold,High,1,9.009267956,1.24771742,21.60729334,0
495,B,Vilnius,Gold,Low,5,19.53019077,1.959837347,20.34371421,0
496,B,Kaunas,Silver,High,1,17.89902078,4.249975674,27.28178894,0
497,A,Šiauliai,Silver,High,5,5.866825127,2.329814629,16.91979318,0
498,B,Kaunas,Bronze,High,3,4.329224837,0.874149868,13.70528393,0
499,A,Vilnius,Gold,Medium,2,11.16306936,0.540297001,23.31435502,1
500,B,Kaunas,Bronze,High,1,17.267502,3.568535961,10.64636495,1
501,B,Kaunas,Bronze,Medium,4,15.24330076,5.14223421,25.67987628,1
502,C,Panevėžys,Silver,Medium,2,7.317524769,0.41676012,25.66273598,0
503,C,Vilnius,Gold,Very Low,3,13.9888356,3.648757905,27.05823121,0
504,B,Vilnius,Gold,High,1,36.66726433,2.715777009,20.01298388,0
505,B,Klaipėda,Bronze,High,2,12.98916762,1.056984885,13.10802894,0
506,B,Kaunas,Bronze,Medium,4,2.984647506,2.351872362,17.87350181,0
507,A,Klaipėda,Gold,Medium,2,12.96897894,0.752234528,20.04055116,0
508,C,Kaunas,Gold,High,1,56.55228322,1.707711282,12.51886684,0
509,B,Vilnius,Silver,High,2,3.935694461,2.040288397,27.66493031,1
510,A,Klaipėda,Silver,Medium,3,11.28844605,4.559428548,21.64067334,0
511,A,Vilnius,Bronze,Very High,2,9.197499499,1.644886725,9.862216357,0
512,C,Vilnius,Bronze,High,4,11.90199898,1.156727318,32.06298941,0
513,A,Kaunas,Bronze,Very High,3,12.87647139,2.573832259,17.7791142,0
514,A,Klaipėda,Bronze,Very High,6,27.43933558,2.997697961,8.247175657,0
515,A,Šiauliai,Bronze,Very High,2,11.79678019,1.121988198,10.35796702,0
516,A,Vilnius,Gold,High,3,30.62472367,0.84457376,28.90226878,0
517,A,Vilnius,Bronze,Medium,2,10.03295799,0.909531359,31.59987933,0
518,B,Panevėžys,Bronze,Low,1,8.330225951,4.569896358,25.07588043,0
519,A,Vilnius,Silver,Medium,1,6.453700025,2.90832942,27.55446919,0
520,C,Vilnius,Bronze,High,2,2.576238467,1.56296291,26.73292367,0
521,C,Vilnius,Bronze,Medium,2,13.74431288,4.077674649,21.45532922,0
522,A,Kaunas,Silver,High,2,57.00849152,1.11482722,19.6323343,0
523,A,Šiauliai,Bronze,Low,3,15.90428201,1.903277016,21.31890556,0
524,B,Klaipėda,Silver,Medium,3,19.09445318,0.740878607,22.88812355,0
525,A,Klaipėda,Gold,Medium,2,7.921455308,3.961229167,11.06721595,0
526,A,Vilnius,Bronze,Medium,2,9.066019351,1.041268422,22.85566983,0
527,C,Vilnius,Gold,Low,7,24.2329479,1.061110775,28.66893478,0
528,C,Kaunas,Gold,Low,2,54.97919892,2.614227651,15.34902057,0
529,B,Vilnius,Gold,High,1,36.24706268,0.200685464,14.49401772,1
530,A,Vilnius,Silver,Medium,1,20.99313971,0.598298547,20.81237047,0
531,B,Vilnius,Silver,Very Low,7,11.3375527,3.27276769,11.8027396,0
532,B,Vilnius,Silver,Very Low,5,13.03678701,0.897728989,6.465451067,1
533,A,Kaunas,Silver,Medium,5,6.032696819,8.02569907,26.18175232,0
534,B,Klaipėda,Bronze,Low,1,3.46068305,2.264934554,13.39238992,0
535,A,Vilnius,Gold,High,5,4.475245962,0.385836761,17.14758863,1
536,A,Kaunas,Silver,High,4,11.47120552,5.310473405,12.11899967,0
537,B,Klaipėda,Silver,Low,2,8.72686493,2.2631634,27.21403852,0
538,A,Klaipėda,Bronze,Medium,3,3.402282862,1.741069882,23.82540927,0
539,A,Klaipėda,Bronze,Low,4,10.6989039,2.257236683,15.07408367,0
540,C,Vilnius,Silver,Medium,2,8.544226062,0.382417862,7.560821082,0
541,C,Klaipėda,Silver,High,1,4.313376102,1.949796068,14.22456156,0
542,B,Vilnius,Bronze,Medium,1,8.197725941,0.953954215,21.5612216,0
543,C,Vilnius,Bronze,High,4,8.526999997,1.861633631,18.50908563,0
544,C,Vilnius,Bronze,Low,3,6.730774966,1.38610564,17.87278436,1
545,A,Kaunas,Silver,Medium,3,23.1347573,2.174055642,18.69359008,0
546,A,Vilnius,Bronze,Medium,2,2.405309896,1.561934472,23.07036985,0
547,A,Vilnius,Gold,Medium,4,2.250969039,1.316444833,16.66512637,1
548,A,Klaipėda,Bronze,Very High,3,11.05219032,0.864893484,20.6001076,0
549,B,Vilnius,Bronze,Low,5,11.90432467,0.401617475,9.104646338,0
550,A,Vilnius,Bronze,High,1,15.23159835,0.314698385,37.43080622,0
551,B,Vilnius,Silver,High,2,7.162228628,0.618475047,14.72912545,0
552,A,,Bronze,Medium,5,5.289168002,3.10248231,18.62874406,0
553,A,Vilnius,Silver,Medium,5,10.9588472,0.821963881,21.5317242,0
554,C,Vilnius,Gold,Medium,3,7.74259956,1.146371068,13.7136759,0
555,A,Vilnius,Bronze,Medium,1,38.12450014,1.15534657,17.06259835,0
556,A,Klaipėda,Silver,High,2,8.504693606,1.403713809,16.9654022,0
557,A,Šiauliai,Bronze,Medium,1,10.56399878,2.744096718,9.687695259,0
558,B,Kaunas,Bronze,Very High,1,79.86474463,9.310859451,20.5087154,1
559,B,Kaunas,Bronze,High,3,9.432789071,3.505723691,3.806225294,0
560,B,,Bronze,Medium,1,17.20027707,0.625457065,31.02166754,0
561,A,Panevėžys,Silver,High,4,18.48662591,3.260242427,23.34376708,0
562,A,Kaunas,Silver,Medium,3,19.78890278,4.905419153,22.11297886,0
563,C,Šiauliai,Silver,High,10,13.89584413,1.931262066,3.106863101,1
564,B,Šiauliai,Silver,Low,5,12.87223461,0.768865477,10.65977061,0
565,B,Klaipėda,Silver,Very High,3,11.94445832,2.781938082,28.11476097,0
566,B,Kaunas,Bronze,High,3,6.953220115,1.956740269,50.20993118,0
567,B,Vilnius,Bronze,High,4,14.30222389,2.449257478,26.55753972,0
568,A,Vilnius,Bronze,Medium,5,55.86380472,3.574887343,25.29554728,0
569,A,Kaunas,Silver,High,3,29.03626387,1.458097948,21.19979382,0
570,B,Kaunas,Platinum,Medium,4,14.05719575,1.28131516,10.22002243,0
571,A,Vilnius,Bronze,High,4,21.86011708,9.036757013,24.96139267,0
572,C,Kaunas,Silver,Low,3,5.499511516,2.807052907,8.190341303,0
573,B,Kaunas,Silver,Medium,5,8.94943388,3.999573596,7.315318679,0
574,B,Klaipėda,Gold,Medium,6,23.53008642,3.435954642,6.811765396,0
575,C,Vilnius,Silver,Medium,5,36.22443006,,24.80578117,0
576,B,Vilnius,Silver,Medium,5,5.949499286,2.508861833,16.54068756,0
577,C,Klaipėda,Silver,High,2,7.48670928,3.712546465,17.8068648,1
578,B,Klaipėda,Gold,Medium,3,63.12397407,1.152289731,16.8767685,0
579,C,Panevėžys,Bronze,High,3,11.90560145,0.390668338,7.99426767,0
580,A,Šiauliai,Gold,Low,2,47.40319247,0.91953486,11.63415275,0
581,B,Šiauliai,Bronze,High,6,13.00697632,1.749188096,12.03659035,1
582,B,Vilnius,Gold,High,3,13.42265869,1.578953841,5.757828422,0
583,A,Vilnius,Bronze,Medium,2,8.633131401,1.965017138,12.96631924,0
584,A,,Bronze,High,2,23.43062935,1.096730762,8.349548349,0
585,C,,Bronze,Very High,4,32.6623174,0.236546072,21.62140503,0
586,B,Šiauliai,Bronze,High,2,4.816262517,1.426174406,22.28776851,0
587,A,Vilnius,Bronze,Medium,1,8.314820777,0.551467719,6.650887019,0
588,A,Kaunas,Bronze,Medium,4,22.92121313,1.903308086,14.62694589,0
589,A,Vilnius,Bronze,High,2,9.937953258,2.594123058,31.84847905,0
590,A,Vilnius,Bronze,Medium,4,7.428259848,1.404389368,9.153896819,0
591,C,Vilnius,Silver,High,4,24.72052136,0.72576016,20.41310254,0
592,A,Vilnius,Gold,Medium,3,26.64929147,2.03965681,17.84417547,0
593,A,Šiauliai,Silver,High,1,7.692811547,9.353501001,25.74310046,0
594,B,Vilnius,Bronze,Low,2,13.06442938,2.806164688,19.36373473,0
595,A,Klaipėda,Bronze,Very Low,2,4.192176974,2.952984746,13.54963618,0
596,A,Kaunas,Gold,Very High,3,5.38498902,1.290386592,17.53411297,1
597,B,Vilnius,Bronze,High,4,12.17436103,0.980324684,17.65095955,0
598,B,Vilnius,Bronze,High,4,11.30364715,4.038898604,16.26643854,1
599,C,Klaipėda,Gold,Very High,5,5.08603794,0.14270038,6.447108357,0
600,B,Vilnius,Gold,Medium,4,6.216585868,1.068385252,26.94470886,0
601,B,Šiauliai,Bronze,Medium,5,4.701889758,5.638455038,25.5314687,0
602,B,Vilnius,Silver,Low,3,15.86392852,1.817509325,8.646487785,0
603,C,Kaunas,Bronze,Medium,7,2.283909443,0.446056028,14.59419494,0
604,B,Klaipėda,Silver,Low,1,4.907370292,2.648283853,15.19931465,0
605,C,Vilnius,Bronze,Very High,2,,1.411653401,7.747849596,0
606,B,Vilnius,Bronze,Very Low,7,15.41307975,0.344925909,2.065629858,1
607,C,Panevėžys,Silver,Low,1,26.03458697,2.305585667,11.63525878,0
608,A,Vilnius,Bronze,Low,4,11.30656306,2.064594916,14.14878128,1
609,B,Vilnius,Silver,Low,1,348.7527555,1.978041721,5.470133333,0
610,A,,Bronze,Low,5,42.0452822,2.778388653,18.41582211,0
611,B,Vilnius,Gold,High,3,2.599382572,0.682205706,26.30285043,0
612,B,Klaipėda,Gold,Medium,2,13.99538568,2.474340571,23.73692917,0
613,C,Klaipėda,Bronze,High,3,4.996926198,2.174907629,15.98651477,0
614,C,Vilnius,Silver,High,3,4.243936131,3.982570137,2.276706428,1
615,A,Klaipėda,Bronze,Medium,3,10.0666103,1.056378516,22.72561873,0
616,B,Vilnius,Bronze,High,1,29.44820406,4.454112922,18.17113735,0
617,B,Vilnius,Bronze,Medium,3,17.80941232,3.395638809,20.39480887,1
618,A,Kaunas,Gold,Low,1,6.220729963,1.763985519,32.4888224,0
619,A,Panevėžys,Gold,Medium,2,19.37584521,1.977140511,10.40150696,0
620,A,Vilnius,Gold,Very High,2,1.831313254,0.160252656,-5.998527465,0
621,B,Vilnius,Gold,High,2,6.035407417,1.936161567,8.572363378,0
622,B,Kaunas,Gold,Medium,6,5.702397864,3.237428715,20.88836055,0
623,C,Klaipėda,Bronze,Medium,2,11.73594734,1.562136648,17.21540721,0
624,B,Vilnius,Gold,High,4,9.372104109,3.97594617,7.274910963,0
625,C,Vilnius,Silver,High,2,9.843616018,2.680407388,5.642260935,0
626,A,Klaipėda,Bronze,Medium,4,9.585239622,6.762253711,14.16312787,0
627,B,Vilnius,Silver,High,2,11.22255725,1.120290377,7.031242641,1
628,A,Vilnius,Bronze,High,7,16.98116474,3.028469153,21.16506735,0
629,B,Vilnius,,High,5,12.42194692,0.567482254,13.70858489,0
630,C,Vilnius,Bronze,Low,7,8.780369989,1.674973266,11.98305693,0
631,C,Kaunas,Bronze,Low,1,15.20156866,2.791338228,10.93378878,0
632,C,Šiauliai,Bronze,Very High,5,21.34673573,3.158831845,19.10498181,0
633,A,Kaunas,Gold,Medium,4,7.065185609,,17.34087379,0
634,A,Kaunas,Silver,Medium,1,10.51158325,4.265200978,18.61565816,0
635,A,Panevėžys,Silver,Medium,1,27.92508114,4.883699125,18.44103555,0
636,A,Vilnius,Bronze,Very Low,1,4.562138387,1.131193982,16.42243571,0
637,B,Vilnius,Bronze,High,2,46.70082157,1.715442561,8.734955332,0
638,B,Šiauliai,Bronze,Low,2,3.776040675,1.581075747,11.15695899,0
639,B,Vilnius,Gold,High,1,8.362089291,1.289555305,13.84260076,0
640,C,Klaipėda,Bronze,Medium,3,5.154385999,4.684949722,33.5215619,0
641,B,Klaipėda,Silver,Medium,4,63.4556729,34.64428642,6.209309437,0
642,C,Vilnius,Silver,Very Low,3,7.36927977,1.622775028,13.64818797,0
643,A,Kaunas,Silver,High,1,7.384085489,3.018297586,17.78613648,0
644,A,Vilnius,Gold,Low,5,8.193990404,3.945250795,14.57333797,0
645,B,Vilnius,Bronze,Very Low,2,11.89933179,2.328063759,25.59175633,0
646,C,Kaunas,Gold,High,2,8.47606727,1.528646987,14.53201656,0
647,A,Vilnius,Silver,Medium,3,9.911449027,1.064330584,15.12366881,1
648,B,Klaipėda,Silver,Medium,3,0.654837633,3.218004475,23.51702811,0
649,B,Šiauliai,Silver,Low,1,11.53894538,0.615242286,31.4856933,0
650,A,Klaipėda,Gold,High,1,11.18132859,1.561097522,28.25998699,0
651,A,Vilnius,Platinum,Medium,6,25.30128128,,15.90676893,1
652,C,Vilnius,Bronze,Low,5,31.41384624,0.578356477,16.60388631,0
653,B,Vilnius,Gold,Medium,3,9.486156743,1.820195077,17.37375396,0
654,A,Vilnius,Silver,Low,5,21.17843115,1.68748729,18.17599527,0
655,C,Šiauliai,Bronze,Medium,4,4.56649054,0.883103431,10.22121509,0
656,A,Vilnius,Gold,Low,2,20.36614318,4.568865389,24.49275039,0
657,C,Vilnius,Bronze,Low,5,6.972817397,3.233331964,18.65287302,0
658,A,Klaipėda,Silver,Medium,5,4.272683249,2.000686004,16.64115049,0
659,B,Vilnius,Bronze,High,3,9.502254226,3.57376262,6.830836988,0
660,A,Vilnius,Bronze,Very Low,2,33.79719996,4.151750834,17.49828967,0
661,A,Vilnius,Gold,Low,5,12.74073613,4.705081313,1.854301574,0
662,C,Kaunas,Bronze,High,2,36.49555667,1.114800699,12.34680525,0
663,A,Klaipėda,Bronze,High,3,6.055783882,3.572828541,12.49521835,0
664,A,Vilnius,Bronze,High,7,25.48986402,1.692934761,19.29596154,0
665,A,Šiauliai,Bronze,Low,3,6.54218999,2.270781797,32.0388002,0
666,B,Šiauliai,Gold,Medium,2,13.20060863,1.162467805,21.57525973,0
667,C,,Gold,Low,1,13.10961936,1.931798518,28.58721658,0
668,C,Vilnius,Bronze,Low,6,18.71253064,3.607800709,22.16169738,0
669,A,Vilnius,Silver,Medium,2,13.47171761,5.495894499,26.00042792,0
670,A,Šiauliai,Bronze,Medium,4,6.102218355,1.793546645,31.85701882,0
671,A,Vilnius,Silver,Medium,1,22.29239439,,11.14530534,0
672,B,Kaunas,Bronze,High,1,44.04999661,6.029275048,10.62316453,0
673,C,Klaipėda,Bronze,Medium,4,6.909914485,1.078515997,22.3504872,0
674,B,Vilnius,Bronze,Medium,4,2.53911181,0.400693265,16.97057237,0
675,B,Klaipėda,Silver,High,4,16.43569764,1.240623392,18.76283066,0
676,A,Šiauliai,Silver,High,6,8.457517449,0.181728651,15.01066486,0
677,C,Klaipėda,Bronze,Medium,4,9.925604338,4.017547148,12.22993026,0
678,B,Vilnius,Gold,Medium,5,17.20056453,1.018491763,29.96611735,0
679,A,Šiauliai,Silver,Medium,4,7.651380248,0.711580563,8.201111089,1
680,A,Kaunas,Bronze,Very Low,6,8.88992331,2.119439652,22.49113807,0
681,A,Klaipėda,Gold,High,5,10.17470142,30.95049234,21.19382629,0
682,A,Klaipėda,Gold,Low,2,35.72330048,2.715612236,4.367893619,0
683,A,Klaipėda,Bronze,Medium,5,11.29156157,0.605566042,10.35375736,0
684,B,Vilnius,Silver,Medium,4,4.101944524,7.405734202,11.69847551,0
685,B,Vilnius,Bronze,Low,2,4.234635327,2.494180369,21.51667291,0
686,A,Vilnius,Silver,Low,3,12.3219711,3.749875096,14.06371915,0
687,A,Kaunas,Bronze,Medium,4,4.465841219,0.483887649,16.31528155,0
688,C,Kaunas,Silver,Very High,1,3.15868945,6.61402655,5.338821144,0
689,B,Kaunas,Bronze,High,2,18.32797888,1.447094627,35.60729373,1
690,B,Vilnius,,Medium,5,19.06013007,0.44306032,17.56956495,0
691,A,Klaipėda,Gold,Very Low,3,8.211131822,2.30657117,20.99200718,0
692,C,Šiauliai,Bronze,Medium,8,13.94230067,3.748655319,12.67499609,0
693,A,Vilnius,Gold,Low,2,12.81347454,3.007467215,11.77898138,0
694,A,Klaipėda,Platinum,Medium,5,17.84878625,2.970817868,32.30147724,0
695,C,Kaunas,Gold,High,2,17.88209483,2.824143511,1.666227144,0
696,B,Kaunas,Bronze,Medium,1,1.370765208,2.158482837,19.22917655,0
697,B,Vilnius,Gold,Medium,2,9.093872483,0.481973555,7.307968871,0
698,B,Klaipėda,Bronze,Very Low,3,16.68188417,1.673618897,13.75999076,0
699,B,Panevėžys,Bronze,Very Low,1,7.937788636,1.500551465,11.89524426,0
700,A,Klaipėda,Gold,Medium,4,11.34709894,4.717559508,9.112178533,0
701,A,Šiauliai,Silver,High,2,20.09678768,4.021544777,17.28353384,0
702,A,Panevėžys,Silver,Low,2,11.76042624,1.348914226,-3.544233178,0
703,A,Vilnius,Bronze,Medium,2,36.83083986,3.356240563,14.47609214,0
704,C,Kaunas,Gold,High,6,27.1557552,1.860836159,16.2776802,0
705,A,Kaunas,Silver,Very Low,2,10.02566873,0.40249613,6.125787629,1
706,B,Panevėžys,Bronze,Low,1,9.408025141,0.162811071,29.10574977,0
707,B,Vilnius,Gold,Medium,2,1.127204547,3.087452747,12.244333,0
708,B,Vilnius,Bronze,High,5,8.489229501,0.796399772,15.10012606,0
709,A,Šiauliai,Bronze,Medium,7,3.733644692,0.793215189,12.26224669,0
710,B,Vilnius,Silver,High,6,13.15739073,1.103917778,16.34747104,0
711,C,Klaipėda,Gold,High,5,12.45717259,3.134764852,27.46515275,0
712,B,Vilnius,Bronze,High,2,19.2340973,4.05821918,36.78412643,0
713,C,Panevėžys,Bronze,Very High,4,33.69455924,4.000625118,22.96511363,1
714,C,Šiauliai,Bronze,High,5,10.79393558,0.352458244,25.70395014,0
715,B,Vilnius,Gold,High,4,68.32891635,1.064340818,30.73141985,0
716,A,Klaipėda,Bronze,High,8,13.27604331,0.922651753,18.99096861,0
717,B,Vilnius,Silver,High,4,3.864479045,3.133210422,29.56200699,0
718,A,Kaunas,Platinum,High,3,7.031095318,1.078772136,23.33920906,0
719,B,Kaunas,Bronze,Very High,2,8.180903851,1.760465236,18.15189887,0
720,C,Klaipėda,Silver,Medium,3,17.70242651,3.329839484,19.80272828,0
721,B,Vilnius,Silver,High,3,5.166523782,2.025268097,2.428664293,0
722,A,Vilnius,Gold,Medium,2,8.685190152,2.48690688,19.33695408,0
723,A,Klaipėda,Bronze,High,6,9.690710782,1.71199912,4.650019836,0
724,C,Kaunas,Bronze,Medium,4,7.702179601,3.780794805,3.997846787,0
725,A,Kaunas,Bronze,High,1,21.0970307,4.036316711,18.54302951,0
726,A,Vilnius,Silver,High,1,18.4130032,2.823255612,8.087371238,0
727,A,Vilnius,Silver,Very High,6,28.02939296,4.047234777,16.94308999,0
728,A,Šiauliai,Bronze,Low,9,8.458567687,8.97713162,18.10747615,0
729,B,Vilnius,Bronze,High,1,28.84746308,3.290487784,18.46439681,1
730,B,Vilnius,Gold,High,1,3.701737601,1.907971277,9.767028744,0
731,A,Šiauliai,Bronze,Very High,1,3.630217483,2.528053773,24.18945906,0
732,A,Vilnius,Bronze,High,4,4.174349973,4.322743398,16.28611811,1
733,A,,Silver,Medium,1,71.75146386,1.43327045,20.52860544,1
734,A,Vilnius,Bronze,Medium,5,28.84401425,1.342670154,7.428483088,0
735,A,Šiauliai,Bronze,Low,5,6.809279644,2.497631278,15.57337955,0
736,B,Klaipėda,Bronze,Very High,2,7.528119499,1.881832045,25.77835587,0
737,A,Šiauliai,Bronze,Medium,2,9.273729665,0.914598505,24.76142105,1
738,A,Vilnius,Silver,High,5,17.43121385,2.229409936,10.62165854,0
739,A,Kaunas,Silver,High,4,7.522509236,4.917151245,12.63553448,0
740,A,Klaipėda,Silver,Medium,3,7.194137323,2.757843578,9.090506159,0
741,A,Vilnius,Bronze,Low,2,3.757236784,0.758982127,11.74869665,1
742,A,Vilnius,Gold,Low,3,6.977028509,3.068895873,5.807459674,0
743,C,Vilnius,Bronze,High,2,28.27475628,1.602800655,15.89459302,0
744,A,Panevėžys,Silver,Medium,1,11.85489434,7.1422541,22.06510719,0
745,B,Klaipėda,Bronze,Low,7,89.18979709,2.903280549,10.71957709,0
746,B,Kaunas,Silver,High,4,29.63378745,1.233155225,16.27514974,0
747,A,Klaipėda,Bronze,Medium,6,6.902124055,3.228497425,15.23601274,0
748,A,Kaunas,Bronze,High,4,34.32810696,2.345775354,25.44094985,0
749,B,Kaunas,Bronze,Medium,5,33.882057,4.611467967,12.10726531,0
750,C,Vilnius,Bronze,Low,3,109.1670639,1.336995715,12.39827114,0
751,A,Kaunas,Bronze,Low,1,3.32397175,2.898658428,10.23183097,0
752,A,Vilnius,Silver,Medium,3,68.82730163,0.482522866,7.899923839,0
753,A,Šiauliai,Gold,Medium,1,15.02658319,2.1601176,21.23347993,0
754,B,Klaipėda,Bronze,High,3,8.50700873,0.740123603,15.91911363,1
755,B,,,Medium,7,23.68643051,2.290700847,17.43847888,0
756,A,Kaunas,Silver,Medium,3,19.33355582,2.66206572,27.19712925,1
757,A,Vilnius,Gold,Medium,5,31.46106281,2.821955815,27.65664581,0
758,C,Panevėžys,Silver,Medium,4,6.489086521,1.335380568,3.830125537,0
759,A,,Silver,Very High,3,14.22183885,2.20778539,22.18267738,0
760,B,Šiauliai,Silver,Low,2,4.268676456,4.240569332,18.80517541,0
761,B,Vilnius,Silver,Very High,3,18.78516601,5.888724582,13.30727201,0
762,A,Vilnius,Gold,Medium,6,10.82267753,2.262651089,19.6214695,0
763,A,Vilnius,Bronze,Low,7,13.80191574,4.317455216,3.188934118,0
764,A,Vilnius,Bronze,Low,3,9.805272203,0.984899498,28.70113874,0
765,C,,Bronze,Very Low,5,9.017877027,1.505224869,21.11955278,0
766,A,Vilnius,Gold,High,1,5.503669551,2.443351225,10.07841804,0
767,A,Panevėžys,Bronze,Medium,5,20.74580737,1.891034305,12.31671823,0
768,A,Vilnius,Silver,Medium,3,36.29802127,1.746739185,3.374828196,0
769,A,Vilnius,Gold,High,3,7.061555217,4.023323189,14.488342,0
770,B,Klaipėda,Platinum,High,1,17.16431302,0.852382684,13.13814418,0
771,A,Kaunas,Bronze,Very High,2,15.57624348,0.929236156,6.399116903,0
772,B,Klaipėda,Silver,Very High,4,11.09481907,0.635609174,23.21361787,1
773,B,Kaunas,Gold,High,6,3.250222363,2.495956867,27.21437752,0
774,C,Šiauliai,Bronze,High,1,3.891217611,1.601135944,16.78111608,0
775,A,Kaunas,Silver,High,4,5.901546523,3.766956477,14.55482494,0
776,C,Kaunas,Bronze,Medium,4,1.991316985,2.346647464,20.47987682,0
777,B,Klaipėda,Silver,High,2,335.4914485,1.310507137,16.8428883,0
778,A,Vilnius,Silver,Low,3,14.79312556,1.154014223,8.34256627,0
779,B,,Bronze,High,2,10.76210493,0.164727419,11.77857611,0
780,C,Kaunas,Bronze,Very High,2,1.911352955,1.806423003,14.62851195,0
781,A,Vilnius,Bronze,Low,1,2.562294935,0.749847137,18.98549276,0
782,C,Klaipėda,Bronze,High,3,11.00254808,4.086594118,17.07469374,0
783,B,Vilnius,Silver,Very High,2,53.32429121,1.541572763,18.68295504,0
784,B,Vilnius,Bronze,Low,6,6.303371464,0.534630499,4.801376134,0
785,C,Vilnius,Bronze,Medium,6,21.99991108,4.630254321,22.32174195,0
786,A,Klaipėda,Silver,Very High,6,7.50881808,1.826648502,17.02732707,0
787,C,Vilnius,Silver,Very High,1,11.52122985,3.055945355,37.42167243,0
788,A,Kaunas,Silver,Low,2,29.12937395,1.325488261,13.89892504,0
789,B,Šiauliai,Gold,Medium,3,8.358163249,4.735020211,19.58766796,0
790,B,Vilnius,Bronze,High,1,6.346579926,1.029145717,39.6337533,0
791,A,Klaipėda,Gold,Low,6,34.27637849,1.600558506,18.55273304,0
792,A,Vilnius,Bronze,Medium,4,11.43234086,0.377332817,16.45895569,0
793,A,Vilnius,Silver,Very Low,3,26.38944376,4.659649594,9.104624842,0
794,A,Kaunas,Platinum,Low,1,6.371283147,1.195673238,29.22613094,0
795,A,Šiauliai,Gold,Medium,5,33.96529837,2.53774871,7.727187311,0
796,A,Vilnius,Silver,High,3,13.72064756,2.793738256,20.41696733,0
797,A,Kaunas,Silver,High,3,15.60872575,4.170287556,13.21155743,0
798,A,Vilnius,Bronze,High,6,12.24727483,2.404734766,15.4853099,0
799,B,Kaunas,Silver,Medium,1,7.356762913,1.908634734,5.608541851,0
800,B,Kaunas,Silver,Medium,2,11.00834643,3.890533586,27.74501777,0
801,B,Kaunas,Platinum,Very Low,3,7.736333053,2.761658904,14.77762155,0
802,A,Kaunas,Bronze,Low,4,23.75129013,1.696251013,7.279282729,0
803,C,Vilnius,Bronze,Medium,1,9.370385772,4.796634327,27.02152478,0
804,B,Kaunas,Silver,Low,1,3.329407026,2.911341514,12.9669055,0
805,A,Kaunas,Bronze,Very Low,5,2.876174211,0.692808316,19.67685833,0
806,A,Kaunas,Bronze,Low,2,2.769385566,5.36626422,23.73133106,0
807,B,Vilnius,Bronze,High,6,18.07223181,1.298539376,20.79227464,0
808,A,Vilnius,Silver,High,3,4.387662174,4.156675693,-0.573084404,0
809,B,Vilnius,Bronze,Very High,2,14.01416524,0.544125319,22.56285361,0
810,C,Vilnius,Bronze,High,3,12.29582303,3.874498079,16.1950899,1
811,A,Vilnius,Bronze,Medium,1,10.46705938,0.73258254,14.36777043,0
812,A,Vilnius,Gold,Low,4,15.6539638,2.359446726,16.12740041,0
813,C,Klaipėda,Silver,Medium,2,12.51143254,2.855801442,4.119737648,0
814,B,Vilnius,Bronze,Very Low,5,1.26139242,1.723922436,18.53736732,0
815,A,Klaipėda,Bronze,Medium,1,8.508790515,2.078233576,6.08486901,0
816,C,Kaunas,Silver,Medium,7,15.48826294,0.880016024,14.71328232,1
817,C,Klaipėda,Bronze,Medium,1,40.94485857,3.609109487,18.25011545,1
818,B,Kaunas,Silver,Medium,4,42.48563816,2.449368578,25.5922967,0
819,B,Kaunas,Bronze,High,2,3.704245481,1.024070792,10.44309472,0
820,A,Kaunas,Gold,High,3,8.332968544,2.515660622,28.61269897,0
821,A,Šiauliai,Bronze,High,2,3.149073079,2.570760322,24.57482603,0
822,B,Kaunas,Silver,High,5,37.1850969,2.151142194,13.56472206,0
823,A,Kaunas,Bronze,Medium,4,24.78614844,0.167553198,8.130005869,0
824,B,Kaunas,Gold,Very Low,2,14.59195442,1.540058768,5.449470542,0
825,C,Klaipėda,Platinum,High,5,12.58966059,3.572433386,19.17403081,0
826,A,Vilnius,Silver,Medium,2,33.26496963,2.96590935,11.1017268,0
827,B,Kaunas,Bronze,Medium,4,29.05121061,2.905261047,26.59485444,0
828,A,Kaunas,,Medium,1,27.83893992,2.436213071,11.56380936,1
829,C,Šiauliai,Gold,Very High,3,15.88450154,3.851252825,9.79463216,0
830,A,Kaunas,Silver,High,6,8.33628239,1.292274323,18.86901081,0
831,B,Kaunas,Bronze,Medium,1,20.36259961,1.080420751,11.51162514,0
832,B,Panevėžys,Bronze,High,1,21.17526011,6.243819143,17.06839995,0
833,A,Kaunas,Bronze,Medium,5,9.463951711,1.18545839,24.88791464,0
834,B,Vilnius,Gold,Medium,1,8.322817713,0.669982264,17.93783465,0
835,B,Vilnius,Silver,Medium,4,27.2935556,1.700403861,17.96771569,0
836,B,Vilnius,,Medium,2,41.73302939,2.208554475,18.64117367,0
837,B,Vilnius,Silver,High,5,6.052572421,3.867601284,3.455208078,0
838,C,Vilnius,Bronze,Very Low,3,8.928948686,1.542631697,20.134702,0
839,A,Klaipėda,Bronze,High,2,14.59598457,1.532693379,18.27945261,1
840,B,Klaipėda,Bronze,Medium,1,16.26928864,2.063247489,24.14317862,0
841,A,Vilnius,Silver,High,4,7.258018899,1.344521026,21.84648641,0
842,B,Kaunas,Bronze,High,4,49.74035146,0.550632211,15.38441095,0
843,B,Vilnius,Bronze,High,6,15.45103842,0.720140425,25.25914313,0
844,A,Šiauliai,Bronze,Medium,2,16.8627446,4.564301299,14.65895442,0
845,A,Vilnius,Bronze,Very High,1,45.02001935,3.333000108,18.97725683,0
846,C,Kaunas,,Medium,6,7.696384705,2.012165999,14.51080456,0
847,A,Vilnius,Bronze,High,2,10.27028217,2.959380952,20.69406244,1
848,B,Kaunas,Bronze,High,3,4.044436434,3.399991672,13.98808174,0
849,A,Vilnius,,Low,7,9.603423238,1.236781075,30.18041287,0
850,C,Klaipėda,Bronze,Medium,2,3.349657095,0.871994733,33.1389019,0
851,A,Vilnius,,Medium,4,20.05100913,27.34548561,23.99150603,1
852,A,Šiauliai,Bronze,Medium,1,15.42512078,0.225476672,29.3303732,0
853,C,Kaunas,Gold,Medium,2,8.831673795,2.991651965,4.686284153,0
854,C,Klaipėda,Bronze,Medium,4,10.17222568,2.336476319,5.628978054,0
855,A,Klaipėda,Silver,Medium,1,20.27063186,3.985562659,14.42751547,0
856,B,Panevėžys,Gold,Low,1,,3.066847018,17.32984772,0
857,B,Vilnius,Silver,High,4,12.97902112,2.94651772,15.41434066,0
858,C,Vilnius,Bronze,Medium,5,19.29040545,0.950524523,3.862918003,0
859,A,Vilnius,Silver,High,2,2.6489961,3.487377584,26.21273365,0
860,B,Vilnius,Bronze,Low,1,19.06683436,2.744329926,34.23358587,0
861,B,Kaunas,Bronze,Medium,3,2.888536664,1.059444343,27.24790143,0
862,B,Panevėžys,Silver,Very Low,7,10.03344902,2.35144089,25.68418615,0
863,B,Panevėžys,Bronze,High,2,4.346135749,0.785195084,18.80895684,1
864,B,Kaunas,Bronze,Medium,1,34.63959055,1.810360643,10.25602103,0
865,A,Kaunas,Bronze,Very High,5,4.367990907,7.88678188,17.58022442,0
866,C,Šiauliai,Bronze,Medium,1,2.944232248,0.906125829,33.84470429,0
867,C,Šiauliai,Bronze,Medium,2,12.26416644,0.545057306,14.1840951,0
868,B,Vilnius,Silver,Medium,1,7.917200063,0.728243992,13.36034202,0
869,A,Kaunas,Gold,High,3,3.307907509,1.791143074,25.85842927,0
870,A,,Bronze,Medium,3,16.78779542,3.2200514,26.38948841,0
871,B,Vilnius,Silver,Medium,7,2.240727859,2.108222734,10.21678555,0
872,A,Vilnius,Bronze,Low,7,4.811491994,0.62304778,14.90812309,1
873,C,Panevėžys,Bronze,Low,4,6.957535965,3.191797855,12.98475603,0
874,A,Panevėžys,Bronze,Low,6,20.94244401,0.329641803,17.55751503,1
875,B,Šiauliai,Bronze,Very High,5,31.07410058,0.690257859,25.82949337,0
876,C,Klaipėda,Bronze,Medium,2,26.63499088,1.30049353,10.56777983,0
877,A,Vilnius,Bronze,Very Low,1,9.751108469,4.163235497,25.7173185,0
878,A,Vilnius,Bronze,Very High,3,1.58115154,,17.81320999,0
879,B,Kaunas,Silver,Very Low,4,15.06964442,2.231927408,35.60953709,0
880,B,Kaunas,Bronze,Medium,1,35.74673697,0.633191984,19.55064707,0
881,A,Kaunas,Bronze,High,4,29.57804391,1.405921196,16.22465144,0
882,B,Kaunas,Bronze,Very High,4,15.96436751,3.769529918,21.59771782,0
883,C,Vilnius,Silver,High,1,4.256289573,2.623272548,14.3028301,0
884,B,Klaipėda,Bronze,Medium,3,7.240964365,3.271432012,2.637815013,1
885,A,Vilnius,Silver,Very High,1,51.78246192,2.002582964,15.07583061,0
886,A,Vilnius,Bronze,Very Low,4,3.548824324,3.796810252,14.94965113,0
887,A,Vilnius,Bronze,Very High,5,4.40053893,0.629332257,4.261460316,0
888,A,Vilnius,Gold,High,6,23.43056206,1.75900588,16.41571848,0
889,A,Šiauliai,Bronze,Very High,4,7.807404702,2.901195859,0.463118203,0
890,B,Vilnius,Bronze,Medium,7,4.282752465,0.448826747,14.21850532,0
891,A,Vilnius,Bronze,Low,4,37.42642265,0.11357926,18.94876794,0
892,C,Klaipėda,Platinum,High,1,15.94020896,6.247416968,17.77596942,0
893,A,Kaunas,Silver,Medium,2,8.121858997,2.191488128,13.71144422,0
894,A,Vilnius,Silver,Medium,3,4.407819538,0.403170365,16.31575678,0
895,B,Vilnius,Platinum,Very High,2,56.70856463,2.151358046,10.7274845,0
896,C,Vilnius,Bronze,High,5,10.80964234,0.699805809,17.08653216,0
897,A,Kaunas,Gold,Medium,4,33.71228969,0.950271682,17.46469125,0
898,A,Vilnius,Bronze,Medium,2,22.53133114,4.25646809,9.798000177,0
899,A,Vilnius,Silver,Low,1,7.266529107,1.326439229,19.1415936,0
900,B,Vilnius,Bronze,Low,5,7.312952624,1.317855141,19.09162124,1
901,B,Kaunas,Bronze,Low,3,35.05968582,0.67896761,15.67032069,0
902,A,Vilnius,Gold,High,2,35.51708563,1.559415316,36.36837629,1
903,A,Klaipėda,Bronze,High,3,2.455835966,2.295275766,15.87438091,0
904,B,Vilnius,Platinum,Medium,4,17.112757,1.32522665,14.76612604,0
905,C,Kaunas,Bronze,Medium,6,10.00443161,7.305974098,13.62085513,0
906,B,Vilnius,Silver,High,5,4.822736327,0.841637014,9.232486215,0
907,B,Vilnius,Gold,High,4,13.59085141,0.837238644,22.48717888,0
908,A,Vilnius,Bronze,High,1,3.744629077,1.510737784,11.51002426,0
909,A,Klaipėda,Gold,Medium,4,7.590031308,6.75423975,12.45641482,1
910,A,Šiauliai,Silver,High,2,5.819538795,3.308137725,12.69406752,0
911,B,Vilnius,Silver,Medium,4,7.390290091,1.290107297,9.120451873,0
912,C,Vilnius,,Medium,1,10.41052387,1.290952407,2.99133334,0
913,C,Šiauliai,Silver,High,5,4.891733162,0.813432681,13.29648106,0
914,C,Kaunas,Silver,Medium,4,38.80477178,1.476417635,23.9866825,0
915,C,Vilnius,Bronze,Medium,5,16.35651987,1.722245382,18.57583844,0
916,C,Vilnius,Bronze,Medium,3,46.32354776,3.205094885,29.48460216,0
917,A,Kaunas,Bronze,Medium,4,9.698158525,2.75688315,23.00765044,0
918,A,Klaipėda,Gold,Medium,3,7.106202755,1.438407193,21.19171848,0
919,A,Kaunas,Bronze,High,4,45.00315019,5.194020746,32.06119218,0
920,B,Panevėžys,Silver,Medium,1,6.941738227,1.150449828,16.22283524,0
921,A,Kaunas,Platinum,Low,3,9.557884179,0.534290763,17.50460539,0
922,C,Vilnius,Bronze,High,5,19.60996643,2.373618605,16.90828463,0
923,B,Kaunas,Bronze,Medium,3,4.09521555,4.049793492,29.35029385,0
924,B,Vilnius,Silver,Very High,3,19.47313353,1.944299924,17.02012253,0
925,A,Vilnius,Bronze,Low,4,17.57851914,0.653576745,11.81378101,0
926,A,Vilnius,Silver,Medium,3,30.43095219,2.236678262,21.7014043,0
927,A,Vilnius,Silver,Medium,5,22.46673122,2.443428931,10.46992151,0
928,C,Klaipėda,Silver,High,2,31.18641809,2.628379895,21.2677721,0
929,B,Vilnius,Bronze,Low,2,10.09118711,2.269455246,20.31072747,0
930,B,Vilnius,Silver,High,5,5.52820818,4.409564843,15.48477866,0
931,A,Kaunas,Silver,Medium,2,59.61983563,0.795843247,21.52649258,0
932,A,Kaunas,Bronze,Medium,3,3.249962662,0.054271021,5.097680558,0
933,A,Klaipėda,Silver,Medium,3,3.521156676,0.330070668,18.30369697,0
934,B,Klaipėda,Gold,Very Low,1,17.32416647,0.644650899,13.29787692,0
935,B,Klaipėda,Silver,Medium,3,40.44685291,3.589520092,39.89810862,1
936,A,Vilnius,Bronze,Medium,1,12.82813335,1.559073818,18.24660056,0
937,C,Kaunas,Bronze,Medium,2,24.5188684,5.463882043,12.2288636,0
938,A,Kaunas,Bronze,High,5,2.23302645,0.743603437,5.973586112,1
939,C,Vilnius,Bronze,Medium,2,7.391746429,5.39220956,27.44324957,1
940,A,Vilnius,Bronze,Low,2,2.461674364,0.959402673,14.19973824,0
941,A,Vilnius,Platinum,Low,4,20.58018597,1.719871511,10.66918346,1
942,C,Kaunas,Bronze,Low,2,3.197006613,0.406357655,19.69039371,0
943,A,Vilnius,Gold,Low,3,3.965948018,4.928707019,22.19775065,0
944,A,Vilnius,Bronze,Medium,5,16.63019741,1.902031208,22.07162347,0
945,A,Klaipėda,Bronze,Low,5,25.77640353,7.516436906,17.15800338,0
946,A,,Bronze,High,5,9.706788765,4.175242178,18.2735211,0
947,B,Vilnius,Bronze,Low,6,17.39422063,1.687637568,18.85629661,0
948,C,Šiauliai,Silver,Low,1,16.94936777,1.095802528,19.69117013,0
949,C,Vilnius,Gold,High,1,9.278116032,3.698022505,20.39908157,0
950,A,Šiauliai,Gold,Medium,3,4.591632447,2.05346714,25.75562201,0
951,B,Panevėžys,Bronze,Medium,2,17.32088719,1.046782883,17.4513189,0
952,A,Vilnius,Silver,Very High,2,18.0018864,2.164828181,10.46557387,1
953,A,Klaipėda,Bronze,Very High,2,22.53837749,0.272476234,15.84566638,0
954,A,Panevėžys,Gold,High,5,14.14913002,2.663954103,23.03024655,0
955,C,Šiauliai,Silver,Very Low,5,4.328409135,3.030516534,2.707776333,0
956,C,Panevėžys,Bronze,Medium,4,19.14941428,0.719519995,2.753982437,0
957,B,Kaunas,Bronze,Very High,2,11.01100399,4.488637423,24.34620897,0
958,B,Vilnius,Bronze,Very High,4,7.491807158,3.872374763,29.16098253,0
959,B,Klaipėda,Bronze,Low,2,8.70842833,2.494503431,6.87839972,0
960,B,Kaunas,Gold,Medium,3,6.345806857,0.899119465,17.80367417,0
961,B,Kaunas,Silver,Medium,11,22.4451605,3.156865011,13.8036391,0
962,A,Vilnius,Gold,Low,6,3.54489384,1.49326533,14.9133591,0
963,A,Kaunas,Bronze,High,2,4.978911297,2.310966214,19.44424807,0
964,A,Vilnius,Silver,Medium,2,8.473822387,3.366498536,6.657038168,0
965,C,Klaipėda,Bronze,Medium,4,40.08493903,0.543805935,8.142259996,1
966,B,Vilnius,Silver,Low,9,25.62131031,0.387762112,14.58999062,0
967,C,Klaipėda,Bronze,Medium,1,2.966335514,1.379209525,15.83699522,0
968,A,Klaipėda,Bronze,Low,4,32.49472183,6.70658433,7.992359155,1
969,B,Kaunas,Silver,Medium,3,32.44466989,7.718274209,23.3171814,0
970,A,Kaunas,Bronze,Low,3,4.30937697,2.621660794,13.65951222,1
971,A,Vilnius,Bronze,Very High,5,1.466433678,3.945434027,13.62545915,0
972,A,Panevėžys,Silver,Low,1,10.40433662,1.962333245,19.26127032,0
973,A,Klaipėda,Bronze,Medium,3,27.05683159,2.16625038,15.96873379,0
974,C,Vilnius,Gold,Low,4,39.37021539,1.71831023,23.6998145,0
975,A,Vilnius,Silver,Low,6,5.492250993,4.269902174,9.532619698,1
976,B,Vilnius,Gold,Low,7,296.6263548,5.504573896,5.820907223,0
977,B,Kaunas,Silver,Very Low,6,1.854572263,2.1290058,14.52169949,1
978,A,Šiauliai,Silver,Low,2,8.211696242,2.159278657,17.48188938,0
979,B,Klaipėda,Silver,Medium,4,7.895014345,1.786965947,7.073952447,1
980,A,Vilnius,Gold,High,2,27.71211327,5.59562251,5.897971506,1
981,C,Šiauliai,Silver,Low,4,31.14463417,3.618264157,18.45838226,0
982,C,Vilnius,Bronze,Medium,2,251.9699244,0.880427598,10.93775546,1
983,B,Šiauliai,Bronze,Medium,4,3.741774488,6.575262551,5.379906264,0
984,B,Vilnius,Silver,Low,1,21.97917085,0.157952295,24.72273034,0
985,A,Kaunas,Bronze,Medium,2,16.56403162,5.234713137,11.94564262,0
986,C,Šiauliai,Bronze,Low,2,2.895079268,4.042562795,26.19849283,0
987,A,Vilnius,Bronze,Low,3,2.109369182,2.133919047,17.22776633,0
988,A,Kaunas,Silver,Medium,3,25.28955417,2.095521039,19.3580709,0
989,A,Panevėžys,Bronze,Very High,4,9.544075154,1.856673299,15.30800203,0
990,B,Vilnius,Silver,Very High,3,3.942654889,0.918475981,-4.241297956,0
991,B,Vilnius,Silver,Very High,5,9.332122277,6.239949303,7.905708072,0
992,B,Kaunas,Gold,Medium,4,14.74984929,2.049357565,15.99432432,0
993,B,Vilnius,Bronze,Low,6,10.31623738,0.903839627,19.9178331,0
994,A,Vilnius,Silver,Medium,4,3.184868744,5.995689778,2.682607821,1
995,C,Kaunas,Silver,Low,3,49.82144545,2.832375873,16.57118634,1
996,A,Klaipėda,Bronze,Very Low,3,24.61545198,2.952713851,8.021887302,1
997,B,Vilnius,Silver,Low,3,8.429167719,6.884881139,18.87696132,0
998,A,Vilnius,Bronze,Medium,7,8.705232445,3.240292941,16.84479371,0
999,C,Klaipėda,Gold,Medium,2,14.69621409,1.242313393,22.94801282,1
1000,A,Kaunas,Bronze,Low,2,4.465150335,3.236883763,25.53458344,0
1001,A,Kaunas,Bronze,Low,2,4.465150335,3.236883763,25.53458344,0
1000,A,Kaunas,Bronze,Low,2,4.465150335,3.236883763,25.53458344,0
